<?xml version='1.0' encoding='UTF-8' ?>
<timeLogEntries>
  <time id="1" path="/TI1_Kennet-Santiago-Sánchez-Roldán/PSP0/Planning" start="@1631631023120" delta="82" />
  <time id="2" path="/TI1_Kennet-Santiago-Sánchez-Roldán/PSP0/Planning" start="@1631640807519" delta="12" />
  <time id="3" path="/TI1_Kennet-Santiago-Sánchez-Roldán/PSP0/Design" start="@1631647487425" delta="120" />
  <time id="4" path="/TI1_Kennet-Santiago-Sánchez-Roldán/PSP0/Design" start="@1631659191059" delta="83" />
  <time id="5" path="/TI1_Kennet-Santiago-Sánchez-Roldán/PSP0/Design" start="@1631735411252" delta="18" />
  <time id="6" path="/TI1_Kennet-Santiago-Sánchez-Roldán/PSP0/Design" start="@1632026901841" delta="53" />
  <time id="7" path="/TI1_Kennet-Santiago-Sánchez-Roldán/PSP0/Design" start="@1632442515317" delta="28" />
  <time id="8" path="/TI1_Kennet-Santiago-Sánchez-Roldán/PSP0/Design" start="@1632524711546" delta="49" />
  <time id="9" path="/TI1_Kennet-Santiago-Sánchez-Roldán/PSP0/Code" start="@1632527646141" delta="59" />
  <time id="10" path="/TI1_Kennet-Santiago-Sánchez-Roldán/PSP0/Code" start="@1632677294180" delta="308" />
  <time id="11" path="/TI1_Kennet-Santiago-Sánchez-Roldán/PSP0/Code" start="@1632755007838" delta="135" />
  <time id="12" path="/TI1_Kennet-Santiago-Sánchez-Roldán/PSP0/Code" start="@1632788942290" delta="18" />
  <time id="13" path="/TI1_Kennet-Santiago-Sánchez-Roldán/PSP0/Code" start="@1632849129684" delta="65" />
</timeLogEntries>
