<?xml version='1.0' encoding='UTF-8' ?>
<timeLogEntries>
  <time id="1" path="/TI1_JuanDavidCruzGarcia/PSP0/Planning" start="@1631561671968" delta="209" />
  <time id="2" path="/TI1_JuanDavidCruzGarcia/PSP0/Planning" start="@1631643548989" delta="7" />
  <time id="3" path="/TI1_JuanDavidCruzGarcia/PSP0/Design" start="@1631643972424" delta="113" interrupt="11" />
  <time id="4" path="/TI1_JuanDavidCruzGarcia/PSP0/Design" start="@1631806168412" delta="36" />
  <time id="5" path="/TI1_JuanDavidCruzGarcia/PSP0/Design" start="@1632034235028" delta="8" />
  <time id="6" path="/TI1_JuanDavidCruzGarcia/PSP0/Code" start="@1632064406264" delta="76" />
  <time id="7" path="/TI1_JuanDavidCruzGarcia/PSP0/Code" start="@1632499939550" delta="595" />
  <time id="8" path="/TI1_JuanDavidCruzGarcia/PSP0/Code" start="@1632598832469" delta="360" />
  <time id="9" path="/TI1_JuanDavidCruzGarcia/PSP0/Code" start="@1632627746486" delta="790" interrupt="70" />
  <time id="10" path="/TI1_JuanDavidCruzGarcia/PSP0/Code" start="@1632709931907" delta="50" />
  <time id="11" path="/TI1_JuanDavidCruzGarcia/PSP0/Test" start="@1632762029452" delta="380" />
  <time id="12" path="/TI1_JuanDavidCruzGarcia/PSP0/Test" start="@1632843842879" delta="153" />
</timeLogEntries>
